{
  "schemaVersion": 1,
  "id": "immersivemc",
  "version": "${version}",
  "name": "ImmersiveMC",
  "description": "Minimizes the need to interact with GUIs in Minecraft!\n\nWorks great both in and out of VR!\n\nThanks to NahNotFox for the bundle bag model (the default) and the written book texture!\n\nThanks to:\n- andreiqwer for adding support for resizing item guides and a bugfix!\n- Blocker226 for fixing Z-fighting issues on several Immersives!\n- yaosiqian for Simplified Chinese translations!\n- Yermak for the Russian translations!\n- DadoSpeedy for the German translations!\n- Detective Scar for the Dutch translations!\n\nThanks to the Vivecraft developers for inspiration for the backpack, and to various members of the ImmersiveMC Discord for ideas!\n\nThanks to the guide from leo3418 for the original config screen implementation!",
  "authors": [
    "hammy275"
  ],
  "license": "GNU LGPLv3",
  "icon": "immersivemc_logo.png",
  "environment": "*",
  "contact": {
    "homepage": "https://hammy275.com/immersivemcwiki",
    "issues": "https://hammy275.com/immersivemcissues"
  },
  "entrypoints": {
    "main": [
      "com.hammy275.immersivemc.fabric.ImmersiveMCFabric"
    ],
    "modmenu": [
      "com.hammy275.immersivemc.fabric.ModMenuIntegration"
    ]
  },
  "depends": {
    "fabric": "*",
    "minecraft": ">=1.20.2"
  },
  "mixins": [
    "mixins.immersivemc.json",
    "mixins.fabric.immersivemc.json"
  ]
}